LABID	Prueba	Dieta	Anio	DMI	DMI_n	ADG	ADG_n	BW	BW_n	mBW	mBW_n	BFAT	BFAT_n	RFI	RFI_n	Pheno_RFI	DMP	DMP_n	Vis	Days	MeI_BW	MeI_BW_n	MeI_ADG	MeI_ADG_n	MeY_DMI	MeY_DMI_n	Pheno_MeY	Pheno_MeY_n	Pheno_DMP	Pheno_DMP_n	Observ.	Phase_Genomics	diet_batch	mg_work_id	batch	mt_work_id
PR24NT050	24	E	1	9,6	9,6	1,38	1,38	553	546	113	113	14,5	14,5	-2,191	-2,134	High_Efficiency	211,72	222,82	64	36	0,38	0,41	153,73	161,79	22,06	23,22	High_MeY	High_MeY	High_DMP	High_DMP			E2	PR24NT050MG	A	PR24NT050MT
PR24NT047	24	E	1	9,21	9,21	1,52	1,52	492	492	104,5	104,5	10,1	10,1	-2,023	-1,968	High_Efficiency	215,95	184,3	94	46	0,44	0,37	141,95	121,15	23,44	20,01	High_MeY	High_MeY	High_DMP	Low_DMP			E2	PR24NT047MG	A	PR24NT047MT
PR24NT070	24	E	1	10,94	10,94	1,56	1,56	574,4	568	116,4	116,4	11,9	11,9	-1,367	-1,286	High_Efficiency	233,61	217,94	82	36	0,41	0,38	149,61	139,58	21,35	19,92	High_MeY	High_MeY	High_DMP	High_DMP			E2	PR24NT070MG	A	PR24NT070MT
PR24NT034	24	E	1	9,93	9,93	1,49	1,49	490,3	487	103,7	103,7	10,9	10,9	-1,226	-1,177	High_Efficiency	220,13	209,7	120	55	0,45	0,43	147,59	140,6	22,17	21,12	High_MeY	High_MeY	High_DMP	High_DMP			E2	PR24NT034MG	A	PR24NT034MT
PR24NT068	24	E	1	9,06	9,06	1,28	1,28	455,9	454	98,3	98,3	7,8	7,8	-1,124	-1,068	High_Efficiency	205,15	232,05	102	55	0,45	0,51	159,69	180,63	22,65	25,62	High_MeY	High_MeY	High_DMP	High_DMP			E2	PR24NT068MG	A	PR24NT068MT
PR24NT054	24	E	1	12,21	12,21	1,39	1,39	555,3	551	113,7	113,7	10	10	0,55	638	Low_Efficiency	171,96	181,64	103	50	0,31	0,33	124,01	131	14,08	14,87	Low_MeY	Low_MeY	Low_DMP	Low_DMP			E2	PR24NT054MG	A	PR24NT054MT
PR24NT012	24	E	1	11,65	11,65	1,3	1,3	504,8	502	106,1	106,1	11,8	11,8	659	714	Low_Efficiency	189,38	180,67	118	55	0,38	0,36	145,66	138,96	16,26	15,51	Low_MeY	Low_MeY	Low_DMP	Low_DMP			E2	PR24NT012MG	A	PR24NT012MT
PR24NT057	24	E	1	11,98	11,98	1,34	1,34	526,3	523	109,4	109,4	7,7	7,7	847	938	Low_Efficiency	195,93	200,88	110	53	0,37	0,38	145,9	149,58	16,35	16,76	Low_MeY	Low_MeY	Low_DMP				E2	PR24NT057MG	A	PR24NT057MT
PR24NT020	24	E	1	12,29	12,29	1,41	1,41	521,8	517	108,5	108,5	10,8	10,8	937	1,003	Low_Efficiency	197,68	166,03	54	36	0,38	0,32	139,9	117,5	16,08	13,51	Low_MeY	Low_MeY	Low_DMP	Low_DMP			E2	PR24NT020MG	A	PR24NT020MT
PR24NT030	24	E	1	11,76	11,76	1,43	1,43	470,4	465	100,2	100,2	9,9	9,9	1,044	1,09	Low_Efficiency	195,99	185,46	150	68	0,42	0,4	136,87	129,52	16,66	15,77	Low_MeY	Low_MeY	Low_DMP				E2	PR24NT030MG	A	PR24NT030MT
PR26NR008	26	R	2	7,32	7,32	1,37	1,37	365	318,25	75,35	75,35	5	5	-2,77	-2,79	High_Efficiency	181,77	213,89	107	41	0,5	0,67	104,83	156,12	19,12	29,22	Low_MeY	High_MeY	Low_DMP		NS001	NS001	R2	NS001_MG	B	NS001_MT
PR26NR067	26	R	2	8,35	8,35	1,48	1,48	355,5	357,5	82,22	82,22	4,6	4,6	-2,4	-2,42	High_Efficiency	190,38	198,37	175	59	0,54	0,55	129,05	134,04	22,8	23,75	High_MeY	High_MeY	Low_DMP	Low_DMP			R1	PR26NR067MG	A	PR26NR067MT
PR26NR063	26	R	2	8,84	8,84	1,43	1,43	333,5	333,5	78,04	78,04	4,7	4,7	-1,53	-1,55	High_Efficiency	197,56	218,87	166	63	0,59	0,66	113,94	153,05	20,78	24,75	High_MeY	High_MeY	High_DMP				R1	PR26NR063MG	A	PR26NR063MT
PR26NR042	26	R	2	8,22	8,22	1,16	1,16	321,5	322,5	76,1	76,1	2,7	2,7	-1,49	-1,51	High_Efficiency	179,22	178,75	75	23	0,56	0,55	154,36	154,1	21,8	21,74	High_MeY		Low_DMP	Low_DMP			R1	PR26NR042MG	A	PR26NR042MT
PR26NR046	26	R	2	10	10	1,31	1,31	398,5	398	89,11	89,11	4,5	4,5	-0,99	-1,02	High_Efficiency	200,65	223,14	106	59	0,5	0,56	153,28	170,34	20,07	22,32	High_MeY		High_DMP		NS_002	NS_002	R2	NS002_MG	B	NS002_MT
PR26NR026	26	R	2	9,69	9,69	1,19	1,19	388	387	87,25	87,25	3,6	3,6	-0,93	-0,95	High_Efficiency	234,25	289,47	47	19	0,6	0,75	197,26	243,25	24,17	29,87	High_MeY	High_MeY	High_DMP	High_DMP			R1	PR26NR026MG	A	PR26NR026MT
PR26NR025	26	R	2	9,71	9,71	1,38	1,38	344,5	344,25	79,92	79,92	5,9	5,9	-0,79	-0,81	High_Efficiency	192,1	218,39	109	57	0,56	0,63	138,78	158,25	19,79	22,49	High_MeY	High_MeY	Low_DMP		NS_003	NS_003	R2	NS003_MG	B	NS003_MT
PR26NR051	26	R	2	10,23	10,23	1,39	1,39	372	373,5	84,96	84,96	6,5	6,5	-0,67	-0,69	High_Efficiency	217,43	231,98	81	43	0,58	0,62	156,96	166,89	21,26	22,68	High_MeY	High_MeY	High_DMP	High_DMP	NS_004		R2	NS004_MG	B	NS004_MT
PR26NR007	26	R	2	8,77	8,77	0,73	0,69	352,5	352	81,27	81,27	2,7	2,7	-0,63	-0,6	High_Efficiency	196,27	301,39	83	40	0,56	0,86	269,21	436,8	22,38	34,37	High_MeY	High_MeY	Low_DMP	High_DMP			R1	PR26NR007MG	A	PR26NR007MT
PR26NR066	26	R	2	10,36	10,36	1,61	1,61	348,5	348	80,57	80,57	4,1	4,1	-0,46	-0,48	High_Efficiency	185,12	194,55	42	31	0,53	0,56	115,12	120,84	17,86	18,77	Low_MeY	Low_MeY	Low_DMP	Low_DMP	NS_005		R2	NS005_MG	B	NS005_MT
PR26NR001	26	R	2	11,47	11,47	1,44	1,44	376,5	376,25	85,43	85,43	1,8	1,8	0,66	0,63	Low_Efficiency	196,74	172,52	135	58	0,52	0,46	136,26	119,81	17,16	15,05	Low_MeY	Low_MeY	Low_DMP	Low_DMP			R1	PR26NR001MG	A	PR26NR001MT
PR26NR069	26	R	2	11,56	11,56	1,48	1,48	353	352,75	81,4	81,4	6,8	6,8	0,77	0,75	Low_Efficiency	187,55	264,99	150	59	0,53	0,75	126,72	179,05	16,22	22,92	Low_MeY	High_MeY	Low_DMP	High_DMP			R1	PR26NR069MG	A	PR26NR069MT
PR26NR057	26	R	2	11,59	11,59	1,36	1,36	353,5	353,75	81,57	81,57	5,9	5,9	1	0,98	Low_Efficiency	183,52	170,99	112	52	0,52	0,48	134,56	125,73	15,84	14,76	Low_MeY	Low_MeY	Low_DMP	Low_DMP			R1	PR26NR057MG	A	PR26NR057MT
PR26NR020	26	R	2	11,97	11,97	1,51	1,51	353	356	81,96	81,96	5,4	5,4	1,15	1,13	Low_Efficiency	241,1	233,41	131	60	0,68	0,66	159,97	154,58	20,14	19,49	High_MeY	High_MeY	High_DMP	High_DMP	NS_006		R2	NS006_MG	B	NS006_MT
PR26NR056	26	R	2	12,49	12,49	1,51	1,51	383,5	383,25	86,62	86,62	8,6	8,6	1,17	1,15	Low_Efficiency	213,52	97,96	164	63	0,56	0,26	141,04	64,87	17,09	7,84	Low_MeY	Low_MeY	High_DMP	Low_DMP			R1	PR26NR056MG	A	PR26NR056MT
PR26NR044	26	R	2	11,36	11,36	1,12	1,12	350	351	81,09	81,09	5	5	1,24	1,21	Low_Efficiency	193,09	251	134	47	0,55	0,72	172,07	224,1	17	22,1	Low_MeY		Low_DMP	High_DMP			R1	PR26NR044MG	A	PR26NR044MT
PR26NR021	26	R	2	12,01	12,01	1,34	1,34	368	369,25	84,23	84,23	5	5	1,31	1,28	Low_Efficiency	236,45	239,39	76	24	0,64	0,65	176	178,65	19,68	19,93	High_MeY		High_DMP	High_DMP	NS_007		R2	NS007_MG	B	NS007_MT
PR26NR053	26	R	2	13,36	13,36	1,73	1,73	393	392,5	88,18	88,18	5,6	5,6	1,72	1,7	Low_Efficiency	230,97	179,67	135	51	0,59	0,46	133,71	103,85	17,29	13,45	Low_MeY	Low_MeY	High_DMP	Low_DMP	NS_008	NS_008	R2	NS008_MG	B	NS008_MT
PR26NR068	26	R	2	11,59	11,59	1,17	1,17	316	318,25	75,35	75,35	4,5	4,5	1,83	1,81	Low_Efficiency	207,29	207,29	81	53	0,66	0,65	176,49	177,17	17,89	17,89	Low_MeY	Low_MeY	High_DMP	Low_DMP	NS_009	NS_009	R2	NS009_MG	B	NS009_MT
PR26NR014	26	R	2	13,8	13,8	1,7	1,7	418	415	91,95	91,95	4,2	4,2	1,99	1,96	Low_Efficiency	239,83	237,46	226	63	0,57	0,57	140,76	139,68	17,38	17,21	Low_MeY	Low_MeY	High_DMP	High_DMP	NS_010	NS_010	R2	NS010_MG	B	NS010_MT
PR27NT067	27	E	2	9,36	9,19	1,54	1,54	477,6	470	101	101	13,2	13,2	-2,24	-2,281	High_Efficiency	209,38	198,37	114	51	0,44	0,42	135,62	128,49	22,38	21,59	High_MeY	High_MeY	Low_DMP	Low_DMP			E1	PR27NT067MG	A	PR27NT067MT
PR27NT046	27	E	2	11,24	11,13	1,57	1,57	537,8	529	110,2	110,2	12,2	12,2	-1,072	-1,014	High_Efficiency	246,13	223,14	94	48	0,46	0,42	156,63	142	21,9	20,04	High_MeY	Low_MeY	Low_DMP	Low_DMP			E1	PR27NT046MG	A	PR27NT046MT
PR27NT012	27	E	2	10,8	10,61	1,48	1,48	494,5	485	103,4	103,4	13,3	13,3	-846	-896	High_Efficiency	249,05	245,82	86	46	0,5	0,51	168,69	166,5	23,06	23,16	High_MeY	High_MeY	High_DMP	High_DMP			E1	PR27NT012MG	A	PR27NT012MT
PR27NT070	27	E	2	11,35	11,2	1,44	1,44	537,3	530	110,4	110,4	12,2	12,2	-713	-687	High_Efficiency	259,51	251,25	123	53	0,48	0,47	180,24	174,51	22,87	22,42	High_MeY	High_MeY	High_DMP	High_DMP			E1	PR27NT070MG	A	PR27NT070MT
PR27NT020	27	E	2	10,8	10,7	1,36	1,36	505,5	501	105,9	105,9	11,7	11,7	-0,72	-668	High_Efficiency	289,21	233,41	45	32	0,57	0,47	213,1	171,99	26,77	21,82	High_MeY	High_MeY	High_DMP				E1	PR27NT020MG	A	PR27NT020MT
PR27NT048	27	E	2	13,96	13,69	1,94	1,94	532,6	533	110,9	110,9	14,4	14,4	756	625	Low_Efficiency	261,23	259,62	157	59	0,49	0,49	134,81	133,98	18,71	18,97	Low_MeY	Low_MeY	High_DMP	High_DMP			E1	PR27NT048MG	A	PR27NT048MT
PR27NT015	27	E	2	13,42	13,33	1,6	1,6	552,8	549	113,4	113,4	15	15	684	747	Low_Efficiency	237,3	229,01	109	54	0,43	0,42	148,5	143,32	17,68	17,18	Low_MeY	Low_MeY	Low_DMP	Low_DMP			E1	PR27NT015MG	A	PR27NT015MT
PR27NT054	27	E	2	13,95	13,86	1,6	1,6	545,8	543	112,5	112,5	14	14	1,328	1,399	Low_Efficiency	244,45	225,14	104	44	0,45	0,41	153,07	140,98	17,53	16,24	Low_MeY	Low_MeY	Low_DMP	Low_DMP			E1	PR27NT054MG	A	PR27NT054MT
PR27NT021	27	E	2	14,01	13,82	1,79	1,79	524,8	517	108,4	108,4	11,4	11,4	1,44	1,404	Low_Efficiency	245,92	239,39	120	55	0,47	0,46	137,64	133,98	17,55	17,32	Low_MeY	Low_MeY	Low_DMP				E1	PR27NT021MG	A	PR27NT021MT
PR27NT045	27	E	2	14,16	14,06	1,73	1,73	538,8	539	110,4	110,4	14,9	14,9	1,382	1,425	Low_Efficiency	248,53	310,97	59	39	0,46	0,58	143,36	179,37	17,55	22,12	Low_MeY	High_MeY	High_DMP	High_DMP			E1	PR27NT045MG	A	PR27NT045MT
