"","baseMean","log2FoldChange","lfcSE","stat","pvalue","padj"
"Prevotella",4961563.78461895,0.488824791343877,0.466813503977696,1.04715220784879,0.295029383584656,0.991627631154911
"UBA4293",152774.603380819,0.254139314917587,0.794959654472819,0.319688318127441,0.749204616220989,0.991627631154911
"UBA4372",291828.239540879,0.0926107690273942,0.214236919676621,0.432282022945368,0.665536451257829,0.991627631154911
"UBA2918",57553.7555382719,-0.299749757990201,0.638206334506152,-0.469675309979725,0.638587010258308,0.991627631154911
"UBA4334",89450.0362248344,-0.647899592485752,0.53402210938074,-1.21324488463046,0.2250362081159,0.984234290871907
"UBA1179",32299.8294604692,-0.183322365038276,0.567326096899798,-0.323134024752355,0.74659374326134,0.991627631154911
"UBA1786",16819.7478848586,0.0130326896014095,0.581759832130809,0.0224021819342094,0.982127139857812,0.991627631154911
"UBA3839",12112.7387700698,0.634560092267697,0.40305064051767,1.57439296325812,0.115396629623253,0.815269695000648
"Ga6A1",16125.8254765762,-0.884319800242762,0.557456858633281,-1.5863466141772,0.112660703557069,0.807268874395827
"UBA6382",30738.676488461,-0.174718623079012,0.621344559269321,-0.281194420185275,0.778561284127083,0.991627631154911
"Phocaeicola",3583.61151071208,-0.280600187268063,0.546083240056911,-0.51384141955871,0.607362866768739,0.991627631154911
"RUG210",13537.1657979665,2.37830596200837,0.937082617988979,2.53798962477004,0.0111491289672653,0.319322730056169
"RUG13423",1638.6234773658,0.453318263828923,0.231895328995488,1.95483999523657,0.0506019588246094,0.571289097476778
"Alloprevotella",2513.95027996408,1.11200025681055,0.467177336497368,2.38025300017271,0.0173007551823913,0.39215045080087
"RUG11857",1618.03260190537,0.53726307451429,0.289300159084004,1.85711295913351,0.0632950848671726,0.590029005609439
"UBA6398",342.728068687152,0.0113862840884251,0.316939159931308,0.035925772286684,0.971341545815502,0.991627631154911
"UBA1189",404.726756469644,0.152218350339785,0.316844663202484,0.480419486322569,0.630929141003363,0.991627631154911
"Sodaliphilus",178525.061978347,-1.25746237180849,0.423767837441146,-2.96733791644377,0.00300390616016049,0.239089281841834
"RUG14106",566.061789962889,-0.434207522259445,0.319169119864211,-1.36043086638261,0.173693616352784,0.984231014666599
"CAG-485",217.288271539824,0.0153824691394859,0.216089826525582,0.0711855314376162,0.943250096442542,0.991627631154911
"RF16",228735.616725342,-0.0561515980573529,0.513981670870814,-0.109248249966225,0.913005591361922,0.991627631154911
"RUG163",7872.30040036029,2.51457363082917,0.726992820502645,3.45886996392975,NA,NA
"UBA1181",1476.23495427732,0.233709982826469,0.191483581658556,1.22052230693705,0.222266938562631,0.984234290871907
"MGYG000291027",462.046148251303,0.165753231930507,0.224656655024456,0.737806907667451,0.460631795076036,0.991627631154911
"UBA1723",286.954251426065,0.103044153646128,0.227673830029109,0.452595511890641,0.650840031153938,0.991627631154911
"RC9",391986.546696247,0.232593097297745,0.21134783692207,1.10052272445783,0.271104434047061,0.991627631154911
"Bact-11",7697.39319985209,0.174360130198796,0.423628344105542,0.411587497920951,0.680641796679522,0.991627631154911
"UBA1232",15369.5619357152,0.596003829129301,0.841483969380624,0.708277104278042,0.478773192459246,0.991627631154911
"RUG11257",4002.51959780271,0.382664345540607,0.381232343677078,1.00375624441966,0.315496119542501,0.991627631154911
"Phil12",209305.334759471,1.08056203699675,0.826935962740912,1.306705822075,0.191312640606513,0.984234290871907
"UBA1711",118203.407354828,-0.243755805458649,0.438630448895121,-0.555720210652619,0.578402138040058,0.991627631154911
"UBA1217",47450.6192228065,-2.12102348914512,0.811567332144444,-2.61349047101322,0.00896225828565002,0.319322730056169
"UBA1219",1303.29703647107,0.544655474977025,0.475070676270998,1.14647251910436,0.25159969161164,0.991627631154911
"MGYG000292947",294.48931021701,-0.139302823099093,0.313239784918744,-0.444716251912983,0.656524823040612,0.991627631154911
"UBA3663",17608.6092993202,-1.19850313510664,0.609895508477344,-1.96509585404031,0.0494031443862322,0.571289097476778
"F23-D06",61179.4632929956,0.262160108234809,0.503978783705142,0.520180842351071,0.602937536610241,0.991627631154911
"UBA1756",4482.70482455127,-1.48121926917908,0.577016641247864,-2.56703041696644,0.0102573614343212,0.319322730056169
"RUG11942",1300.98160192872,0.224532771433361,0.197889153301183,1.13463910319342,0.256526562162323,0.991627631154911
"UBA1195",2231.40606974598,-0.452604847197549,0.412970944860683,-1.09597261703299,0.273090758047589,0.991627631154911
"UBA1205",552.103825175719,0.423775614958837,0.328201783572921,1.29120448507459,0.196632780300042,0.984234290871907
"MGYG000294291",348.867527755771,0.441538863914872,0.411374444965368,1.07332594262642,0.283124899303338,0.991627631154911
"F082",42639.6340931923,0.457764741304494,0.366192819090449,1.25006476763114,0.211275888794252,0.984234290871907
"RUG13583",6005.04684511179,0.198655400423958,0.599813592475237,0.331195229511507,0.740497023380431,0.991627631154911
"UBA1715",2065.52223590224,-0.452709121713782,0.539367229779127,-0.839333753923404,0.401282046970566,0.991627631154911
"Bact-19",10414.73738126,0.919936775367059,0.729368097931905,1.26127915105624,0.207208290102259,0.984234290871907
"MGYG000294391",218.882082596356,0.174653783471667,0.274131501195973,0.637116795077154,0.52404876949778,0.991627631154911
"JAAYTD01",1246.37639884194,0.958198020549522,0.669080975162722,1.43211069529587,0.152112144068008,0.962003150487809
"Ruminococcus_E",113221.672394363,0.0616359012224746,0.415278237222727,0.148420735058691,0.882010737087217,0.991627631154911
"UBA1213",89573.042387021,-0.0326331738832199,0.724004396352935,-0.0450731708917857,0.964048986208721,0.991627631154911
"RUG592",24683.675466092,-0.524892064850738,0.837339965240497,-0.626856577543126,NA,NA
"RUG420",110994.437998653,-0.210747088575988,0.517586829270024,-0.407172433025806,0.683881346986223,0.991627631154911
"RUG762",18208.9887805636,0.777901255910586,0.705405925836083,1.10277108175492,0.270126589330251,0.991627631154911
"Eubacterium_R",14355.2159689911,0.226811994900059,0.434508270832458,0.521996956388237,0.601672449728899,0.991627631154911
"RUG806",8617.84050546416,-0.817728915040124,0.289465426810916,-2.82496229014002,0.00472861808065628,0.257236823587702
"UBA6857",8633.61397887546,0.241356518829517,0.24101642663886,1.00141107473627,0.316628112105813,0.991627631154911
"CAG-964",2641.14202740314,0.119159366356704,0.441622952085458,0.269821497714289,0.787297583241048,0.991627631154911
"RUG714",2119.2478141622,0.206122288714859,0.384402623833043,0.536214572781855,0.591810263072008,0.991627631154911
"RUG612",3999.54895977213,-0.636025358436292,0.426207383249002,-1.4922908035704,0.135622926570349,0.922235900678376
"UBA737",3781.6361912357,-0.552609230831248,0.446999794026136,-1.23626283102703,NA,NA
"CAG-177",2583.45258432012,0.190173989225177,0.261048864091158,0.728499585268331,0.466307822448298,0.991627631154911
"UBA1081",1336.497275526,-0.129065620358002,0.177888889173229,-0.725540650446795,0.468120415953456,0.991627631154911
"RUG14223",346.943500962135,-0.848494158605122,0.660149715887092,-1.28530564837847,NA,NA
"UBA8612",908.9186921475,0.0780610297119888,0.358574037319093,0.217698499020225,0.827664033241939,0.991627631154911
"Pseudoruminococcus",511.648464053497,0.0706607807483952,0.338544791792241,0.208719148725698,0.834667490832948,0.991627631154911
"MGYG000294268",257.206991822933,-0.569330190657581,0.837281961014038,-0.679974270517021,0.49652075259332,0.991627631154911
"MGYG000294096",857.819173248944,0.190029738036529,0.150436450653157,1.26318945449369,0.206521101767012,0.984234290871907
"CAG-180",755.432858418496,-0.234991680473358,0.270616604142639,-0.868356475087154,0.385199214297928,0.991627631154911
"RUG14215",511.193629717839,0.00573595896366457,0.402714142235602,0.0142432518804091,0.988635913469425,0.991627631154911
"MGYG000290178",858.626343352301,1.9377002605834,0.763513212572017,2.53787390797855,0.0111528159394618,0.319322730056169
"MGYG000292159",660.223706516823,-0.344900647934981,0.372878178745182,-0.924968709876369,0.354982183796363,0.991627631154911
"MGYG000291968",251.461088626623,-0.365794988386175,0.271105783029132,-1.34927032650893,0.177250153095603,0.984231014666599
"UMGS1279",431.128556597256,0.255344059407031,0.273653278142503,0.933093369610805,0.350771762205987,0.991627631154911
"CAG-488",485.114395896882,-0.304841364297193,0.182750060184609,-1.66807805146138,0.0953002336029228,0.752030584590601
"UMGS1487",514.629596141719,-0.122022808339208,0.168642503204047,-0.72355904366272,0.46933649325506,0.991627631154911
"MGYG000294402",434.523971868248,0.174394507854956,0.256536715336365,0.679803308568499,0.496629011459922,0.991627631154911
"MGYG000293699",345.36392700532,0.442728299559144,0.442329703927305,1.00090112788786,0.31687461121491,0.991627631154911
"MGYG000290120",405.540388608339,0.0940878296194655,0.277640134023766,0.33888410964177,0.734697035565696,0.991627631154911
"MGYG000294995",257.7623871522,-0.0800774666237828,0.258059191405078,-0.310306585817687,0.756327823422698,0.991627631154911
"MGYG000291049",290.563808121676,-0.129308783859153,0.13989113290875,-0.924352967700248,0.355302573520382,0.991627631154911
"MGYG000291887",227.157625850962,0.0383218960539998,0.251731636272339,0.152233134545476,0.879003060931655,0.991627631154911
"UMGS1532",186.173355545217,-0.0718754293231554,0.196521243162919,-0.365738727103257,0.714560045219016,0.991627631154911
"DTU089",663.81159700291,0.552791369442456,0.554595960387803,0.99674611595785,0.318887759145038,0.991627631154911
"MGYG000292022",171.440219632077,-0.0637754735915643,0.227493490764824,-0.280339773138799,0.779216839065136,0.991627631154911
"MGYG000292180",164.938295846673,-0.00833256981252371,0.20412713273079,-0.0408204911373198,0.967439003407423,0.991627631154911
"UBA1417",152.834333160572,-0.106356287593508,0.190511300504691,-0.558267605710294,0.576661662029662,0.991627631154911
"MGYG000294561",227.250329676988,0.102799510675882,0.274580240045266,0.374387868037901,0.708115767657631,0.991627631154911
"MGYG000293355",156.843793643783,-0.0220347146388539,0.174082642302233,-0.126576172945482,0.899275856465852,0.991627631154911
"MGYG000295003",171.513052922064,0.930738986012661,0.375705120089078,2.47731248856014,0.0132375946065282,0.360062573297566
"UBA1777",252055.401122572,-0.227513287917669,0.192343387641538,-1.18284954168362,0.236868782210962,0.991627631154911
"UBA2922",40506.5842387861,-0.594857933071141,0.633589189230003,-0.938870080460287,0.347797452311786,0.991627631154911
"CAG-103",51159.1381257558,-0.00942167631681515,0.442969081496337,-0.021269376826457,0.983030772063213,0.991627631154911
"UBA1774",22843.5867210242,-0.122274413333304,0.511465701730909,-0.239066691900359,0.811053868991636,0.991627631154911
"CAG-83",11754.2826523733,0.565343545018998,0.534703108248834,1.05730364439158,0.290373030554896,0.991627631154911
"CAG-110",15358.3268719188,-0.652978796396423,0.31729045470541,-2.05798436956663,0.0395916338466963,0.538446220315069
"RUG626",4016.72111849504,0.218678511959462,0.740759661851946,0.295208450488182,0.767834646961564,0.991627631154911
"ER4",7484.34848240088,0.713376181917493,0.330190871073349,2.16049638077069,0.0307342634841014,0.498471057874267
"NK3B98",4502.70112603812,0.77599631876429,0.641150609465818,1.21031830479085,0.226156776395199,0.984234290871907
"HGM13010",5409.49926585268,0.261312159006015,0.313260271424085,0.834169484110088,0.404185484525313,0.991627631154911
"MGYG000290761",4590.40363702748,0.135270034479935,0.155452127429985,0.870171651660795,0.38420660549111,0.991627631154911
"Evtepia",3809.10235060884,-0.272320620423068,0.207185559123415,-1.31438031480203,0.188718251601127,0.984234290871907
"MGYG000291153",4064.61037598732,0.0402080043835026,0.148027356563786,0.27162549758954,0.785909992077287,0.991627631154911
"UBA738",3416.70028350812,-0.475850547160098,0.18133323170816,-2.62417728222005,0.00868585616874997,0.319322730056169
"MGYG000294360",2781.72220920957,0.0600256181594472,0.226803807766686,0.264658776016652,0.791272337290897,0.991627631154911
"MGYG000294597",2284.79866288304,0.00613748602707126,0.209762145394079,0.0292592641801065,0.976657815456114,0.991627631154911
"MGYG000292575",2062.84413586379,0.0180296320628424,0.196557394261768,0.0917270608442802,0.926914896579359,0.991627631154911
"RUG678",1753.11557242632,-0.0268452979453167,0.567770261006398,-0.0472819726375457,0.962288495763238,0.991627631154911
"MGYG000291241",1641.04084993391,-0.481798437449304,0.330195154867836,-1.45913236565251,0.144528679615157,0.94727230976681
"JAAYBW01",1108.88291333561,0.511868012569427,0.476168769216895,1.07497182860447,0.282387341208939,0.991627631154911
"CAG-170",947.011189827656,-0.0757607094055876,0.207250666376472,-0.365551101620912,0.714700068458497,0.991627631154911
"HGM13006",927.324803667959,-0.210072165202467,0.171745584618888,-1.22315904463353,0.221269631027796,0.984234290871907
"Dysosmobacter",739.223649580305,0.0137286957278249,0.307165133124918,0.0446948375558035,0.96435054862163,0.991627631154911
"MGYG000293680",903.977930287957,-0.52270180547527,0.285096479265608,-1.83342076626733,0.0667400217249452,0.590029005609439
"MGYG000293661",814.715768415454,-0.215721712350765,0.213860761713319,-1.00870169273941,0.313117719730457,0.991627631154911
"F23-B02",605.098334543646,0.243260992982774,0.264104691008825,0.921077895487461,0.357009759886872,0.991627631154911
"MGYG000291412",322.352481940607,-0.0430854521126149,0.191615144584689,-0.224854106422534,0.822092772804575,0.991627631154911
"Ruminococcus",66968.0053083092,-0.439268224934315,0.595093088661768,-0.738150439491965,0.460423035729001,0.991627631154911
"Ruminococcus_D",42102.1048719547,-0.743406400324279,0.691541036121834,-1.07499969125955,0.28237486655726,0.991627631154911
"UBA3855",8398.83073186126,-1.03856179637234,0.439831903707999,-2.36126981152744,0.0182124745746799,0.396303446745035
"HUN007",1638.4331023658,-0.388622445130017,0.54988596363914,-0.70673279702962,0.479732544094174,0.991627631154911
"Ruminiclostridium_E",2872.30301339333,-0.231309354067884,0.318363447114309,-0.726557512065233,0.467497063988413,0.991627631154911
"Firm-04",3103.42009857308,0.282653519203864,0.434003907634074,0.651269525992795,0.514872516474388,0.991627631154911
"RUG11783",969.775501632722,-1.43647474998534,0.389032563585379,-3.69242804958688,0.000222123193709689,0.0604175086890354
"MGYG000293883",608.66352417594,-0.0348694855858717,0.669163245845023,-0.0521090866875666,0.958441772674995,0.991627631154911
"CAG-353",940.973002231944,-0.220932510300386,0.639403298505301,-0.345529200141519,0.729696561920917,0.991627631154911
"UBA1394",1961.14921841298,-0.659769297312261,0.72065748478951,-0.915510226754902,0.359923836153614,0.991627631154911
"MGYG000290303",334.346468762139,-0.427799321535972,1.58385754585785,-0.270099620167713,0.78708361431709,0.991627631154911
"MGYG000292826",404.421830746002,0.0236733013539956,0.489322194897418,0.0483797824845416,0.96141357167468,0.991627631154911
"MGYG000292471",806.049824105694,-2.12404653731009,1.33342174961484,-1.59292927232035,NA,NA
"MGYG000291593",356.536250619756,-0.0297719032472032,0.350001963176261,-0.0850621035865733,0.93221201803002,0.991627631154911
"MGYG000295444",363.774524542121,0.668149519088557,0.403988098489536,1.65388416536698,0.0981510505623763,0.752030584590601
"Ruminococcus_C",211.0540694827,0.0405866184596838,0.283885848259509,0.142968093367523,0.886315380092746,0.991627631154911
"UBA1409",130.080795683228,-0.214851096601545,0.172348786427067,-1.24660637916626,0.212541861536237,0.984234290871907
"QAMM01",145.634907273118,0.150392550387607,0.181466242015898,0.828763238368221,0.407238393873435,0.991627631154911
"MGYG000294447",139.495822267015,0.682730870107981,0.505167636530975,1.35149368395083,0.176537341794487,0.984231014666599
"UMGS1696",10983.9237514684,-0.173871672008238,0.348832612024775,-0.498438695278552,0.61817486874059,0.991627631154911
"UBA1248",3032.93263026026,-0.571662788034166,0.308779283023182,-1.85136380406469,0.064117232676653,0.590029005609439
"UBA1740",5955.18823167372,1.2173098783611,0.602138821852014,2.02164323937293,0.0432132216452507,0.555151369997763
"UMGS1865",1520.46402759143,-0.0295910661801738,0.356433190325547,-0.083019951517834,0.933835675358947,0.991627631154911
"RUG12395",1186.46132518758,0.180047880313442,0.444378467417528,0.405167877192108,0.685354115418642,0.991627631154911
"RUG14199",1108.19307282679,0.22583714658504,0.28152135563563,0.802202540106189,0.422435807287768,0.991627631154911
"CAG-390",1534.46727422634,0.510721940446333,0.393149021570475,1.2990543341713,0.193925283275572,0.984234290871907
"MGYG000293692",520.670998048294,-0.445432448952636,0.241268878457736,-1.84620764932459,0.0648620607141185,0.590029005609439
"CAG-841",452.744352521451,-0.47186697933025,0.464824989223999,-1.01514976662078,0.310034441748513,0.991627631154911
"RUG13077",666.070337188283,0.145433155487594,0.171533011907902,0.847843536762931,0.396525113175466,0.991627631154911
"UBA11512",364.374779762598,0.170199144191766,0.1376280381044,1.23666039664576,0.216213187327202,0.984234290871907
"RUG11130",284.964121265107,0.350685168385804,0.177023070109602,1.98101393320476,0.047589711083917,0.571289097476778
"RUG14240",456.464355427898,-0.455789176024964,0.780828827814464,-0.583724831600693,0.559405457955999,0.991627631154911
"MGYG000294970",194.684743228951,0.177719385911069,0.184544020254418,0.963018935352441,0.335538020855956,0.991627631154911
"UMGS874",188.040847264096,0.0887489187068329,0.274999051170923,0.322724454244286,0.746903930485345,0.991627631154911
"MGYG000293460",505.313727402569,0.615696810309842,0.876332877536091,0.702583260416913,NA,NA
"UMGS1312",214.332509307552,0.123350170535124,0.17715885868672,0.696268713004364,0.486260562910839,0.991627631154911
"CAG-272",111.894714980528,0.0962947503365772,0.179040637049657,0.5378373978298,0.590689310760598,0.991627631154911
"MGYG000291651",92.1209411908493,-0.139217915601518,1.05194908998395,-0.132342826213806,0.894713134839407,0.991627631154911
"HGM12650",268.909733824336,-1.04814426767966,1.67106338664377,-0.627231902785447,NA,NA
"MGYG000293972",93.5448800819445,0.754997951338676,1.10973063868204,0.680343432019989,0.496287030017513,0.991627631154911
"MGYG000294740",537.482369708713,-0.328762637175585,0.410398690871634,-0.801081105978521,0.423084693542326,0.991627631154911
"MGYG000294518",405.306251387316,-0.201987767037,0.261980213996678,-0.771003901231874,0.44070461920951,0.991627631154911
"UBA1752",322.992232510812,-0.888482706213825,0.527887854717923,-1.68308988030911,0.0923576932123355,0.752030584590601
"UBA1206",296.762600820923,-0.15437716678222,0.205961324540869,-0.749544445426147,0.453529120690017,0.991627631154911
"MGYG000293961",162.098503111321,-0.0400264694962257,0.193424585525697,-0.206935790439671,0.836060004707184,0.991627631154911
"RUG14179",105.823542351532,0.141582651094883,0.696634969290438,0.203237932828857,0.838949065369651,0.991627631154911
"UBA4644",332.811191527434,0.186959740653027,0.171776146177579,1.08839175178463,0.276422200866815,0.991627631154911
"MGYG000294987",238.488825784871,0.148417431163045,0.337361463959177,0.439935935246607,0.659983508139011,0.991627631154911
"MGYG000294034",164.464182831451,-0.0375478392483206,0.156611651803661,-0.239751249769034,0.810523101803874,0.991627631154911
"CAG-791",328938.715299163,-0.380120821683123,0.376927312442015,-1.0084724803316,0.31322769261272,0.991627631154911
"Eubacterium_Q",71676.70644826,-0.455835246648216,0.673987457825334,-0.676326007785069,0.498833683781196,0.991627631154911
"UBA1066",86432.8992396341,0.0468304054036256,0.448198127828836,0.104485946049087,0.916783720659083,0.991627631154911
"UBA2856",61494.3953916435,-0.325455128867191,0.509226914099115,-0.639116118681513,0.522747394796997,0.991627631154911
"CAG-590",25947.1969073694,-0.130157907170886,0.734915525755471,-0.177105942940976,0.859425173928612,0.991627631154911
"CAG-603",14741.717154261,0.378390782738872,0.483910475939509,0.781943771736349,0.434247619182305,0.991627631154911
"CAG-411",24159.2210883599,-0.38260345662262,0.440595079503631,-0.868378868537652,0.385186959151464,0.991627631154911
"UBA2868",19525.5126959122,-0.0274437135648849,0.404575830715021,-0.0678332996718629,0.945918335497164,0.991627631154911
"NK4A144",18512.2954935608,0.672865577420943,0.676853785919762,0.994107725210697,0.32017042477183,0.991627631154911
"Agathobacter",41021.5626807996,1.49612503471027,1.07645818132603,1.3898589473,NA,NA
"Anaerobutyricum",16380.8596666186,-0.456457892624818,0.287837189892624,-1.58581972258379,0.112780210393535,0.807268874395827
"RUG12045",6010.42191810893,-0.108000144013974,0.459548101068329,-0.235013796734013,0.814198024842746,0.991627631154911
"RUG306",8590.3463509844,0.0601410124169288,0.544472237280175,0.110457445392172,0.91204659695441,0.991627631154911
"NK4A136",8385.43437865832,-0.391170987277412,0.415010705944228,-0.942556376678099,0.345907861862729,0.991627631154911
"Butyrivibrio",10222.7461942983,-0.0755161379820411,0.365609235700125,-0.20654877013003,0.836362272884441,0.991627631154911
"UBA3766",8319.1102181755,0.111169674814867,0.28755853193867,0.386598422468568,0.699053526004067,0.991627631154911
"Pseudobutyrivibrio",11203.7049084368,0.629337078720426,0.644855704418739,0.975934731457014,NA,NA
"CAG-127",7587.8637444226,0.0799825059819874,0.383798356924913,0.208397207905805,0.834918836242263,0.991627631154911
"AC2028",5542.0042536356,0.121355623563954,0.201927426368026,0.60098633329172,0.547849089036619,0.991627631154911
"Clostridium_R",3930.47211612597,-0.224575623720971,0.361910228682212,-0.620528534213294,0.534909873989817,0.991627631154911
"UBA3633",4216.28129503774,0.272537623569953,0.447762959145741,0.608664959892865,0.542746537269248,0.991627631154911
"RUG11200",2435.09294902823,0.414478183353627,0.518817893912796,0.798889529865161,0.424354470539536,0.991627631154911
"UBA6987",4445.13156734879,-0.0950693089832019,0.281576959411507,-0.337631705313871,0.735640746427364,0.991627631154911
"UBA1712",5161.75698777358,-0.600585486124739,0.422835334776227,-1.42037676780863,0.155498022635914,0.962003150487809
"Acetatifactor",4795.69371587094,0.0998272545102481,0.327779042838018,0.304556550186708,0.760703916640366,0.991627631154911
"Eubacterium_F",3640.93656600169,0.0666654813502721,0.377252864591368,0.176712989104755,0.85973383761834,0.991627631154911
"Stomatobaculum",6560.55077621671,-0.911009593371007,0.63546294364323,-1.43361560651832,0.151681987381665,0.962003150487809
"Lachnobacterium",6076.82272882049,0.207456897686467,0.929247054852064,0.223252682484417,0.823338851751771,0.991627631154911
"UBA1267",4511.74108862215,-0.257340093136707,0.223811839517663,-1.14980554063316,0.250223972702785,0.991627631154911
"Blautia_A",4679.29093124817,-0.22047080074857,0.238344755451494,-0.925007979852271,0.35496175659969,0.991627631154911
"Eubacterium_H",4164.73672428529,0.0821757723631018,0.407163925134564,0.20182478675129,0.840053703250058,0.991627631154911
"Weimerbacter",5070.7409250245,0.830399518913321,0.744761560371702,1.11498708190428,NA,NA
"UBA2912",4388.45938330398,-0.17659997614345,0.351972073930024,-0.501744283776785,0.615847409826955,0.991627631154911
"UBA2821",3348.10163330218,0.307498245163494,0.284268188387824,1.08171880542601,0.279377494437104,0.991627631154911
"RUG11977",2349.04282731169,-0.0935975907186375,0.65716365604401,-0.14242660843735,0.886743046130202,0.991627631154911
"RUG191",2684.30580803607,0.0630002151369634,0.346241396231579,0.181954601103868,0.855618354140476,0.991627631154911
"RUG147",3334.21594060433,0.00657936046601375,0.40361645032251,0.0163010215781753,0.986994242548818,0.991627631154911
"Oribacterium",8924.51821710886,1.88674295209784,1.06781987902493,1.76691124520055,NA,NA
"UBA4285",4163.70948325297,0.04670760387078,0.335459629881527,0.139234649150706,0.889264729097907,0.991627631154911
"UBA3305",2711.76403803268,-0.206618228000167,0.264166978006561,-0.782150098999262,0.434126366881513,0.991627631154911
"TF01-11",2097.60231283556,0.0595920825503416,0.285181117191113,0.208962231220962,0.83447772282781,0.991627631154911
"UBA629",2882.78572850865,-0.211220415333665,0.387904943122451,-0.5445159157639,0.586086499119726,0.991627631154911
"Eubacterium_G",2231.33729419765,0.481230038765853,0.228029845560762,2.11038181244403,0.034825481767816,0.516366347217972
"ISDg",2029.54492878637,0.014561116049466,0.17044866131193,0.0854281631629737,0.931921004030994,0.991627631154911
"RUG14107",1437.35432601548,-0.212056656731205,0.207010281894722,-1.02437741154833,0.305657046908687,0.991627631154911
"UBA3774",1412.78302480014,-0.253634847987754,0.318902270416112,-0.7953372287278,0.426417363169434,0.991627631154911
"RUG842",1212.49563659461,-0.0165958943137315,0.226551472218968,-0.0732544094778212,0.941603670145124,0.991627631154911
"RUG12461",1104.24538753899,-0.0608037725167435,0.321850518953515,-0.188919293075695,0.850156072167753,0.991627631154911
"XBB2008",1147.81915265948,-0.330873617957319,0.311101368442335,-1.0635556494463,0.287530042721513,0.991627631154911
"RUG115",1493.63158639121,0.880083937327428,0.575834888601357,1.52836160980982,NA,NA
"Catonella",1046.42574879103,0.0359213543052954,0.243762150411124,0.147362312995317,0.882846050591664,0.991627631154911
"UBA9722",712.921614730202,-0.0345542215925009,0.288245316940302,-0.119877824761529,0.904579931056719,0.991627631154911
"MGYG000290311",697.741493492332,0.136601711820401,0.487013153159388,0.280488752581379,0.779102553429062,0.991627631154911
"Lachnospira",971.551519004356,0.18937676214688,0.209915635999159,0.902156531815661,0.366973721964932,0.991627631154911
"MGYG000290309",750.555090722119,-0.0393845063424126,0.446411983472909,-0.0882245723692645,0.929698187537016,0.991627631154911
"UBA2942",770.462565541108,0.185593253364124,0.346581031655319,0.535497434691406,0.592305931008942,0.991627631154911
"Eubacterium_I",837.941501985708,0.126597989177445,0.337311658624089,0.375314596874133,0.707426511558649,0.991627631154911
"RUG11237",2476.74183688725,-0.41963536134711,1.03277207960974,-0.406319428683316,NA,NA
"UBA2882",870.749241875653,0.413698467820063,0.428203946512264,0.966124836516924,0.333981717973737,0.991627631154911
"UBA7160",717.842303047707,-0.146559654011739,0.363499158858895,-0.403191177860829,0.686807589218373,0.991627631154911
"UBA4292",668.770627644409,-0.0121641118798652,0.282622629290431,-0.0430401200017323,0.965669552333271,0.991627631154911
"Roseburia",762.902407390562,0.427770924737057,0.464050702201926,0.921819367382224,0.356622803453528,0.991627631154911
"RUG11623",532.151435170802,-0.132859493434821,0.219878367046465,-0.604240859250811,0.545683519432477,0.991627631154911
"CAG-95",447.165234359044,0.139286235187935,0.354491980660541,0.392917873426633,0.694380140016305,0.991627631154911
"UBA3775",402.188580339173,0.143992101846802,0.43601266039502,0.330247524730928,0.741212939737391,0.991627631154911
"Acetitomaculum",454.918060687113,0.206241839661974,0.362607288351252,0.568774666939928,0.569509068646893,0.991627631154911
"UBA1066_A",510.150235361766,-0.0282000419794698,0.266146087625805,-0.10595700365552,0.915616466192949,0.991627631154911
"UBA1258",347.051696132319,0.0400277176536112,0.129893116399138,0.30815888295892,0.757961437628993,0.991627631154911
"Coprococcus",385.915139078925,0.218563529413451,0.366006787824738,0.597157038295448,0.550402539392853,0.991627631154911
"UBA1201",362.748497667355,-0.194616523428103,0.185589673084225,-1.04863875340618,0.294344412601769,0.991627631154911
"MGYG000293971",328.429868098402,-0.307069473686856,0.227565309926709,-1.34936855615538,0.177218615345672,0.984231014666599
"RUG11204",403.689271423623,0.0737511325981043,0.27274419975361,0.270404036693463,0.786849434906738,0.991627631154911
"Faecalimonas",399.846587889999,0.262787238835253,0.342311829112589,0.767683779776189,0.442675074942909,0.991627631154911
"MGYG000292998",295.742459721385,-0.0114172799971057,0.335854882890065,-0.0339946821640908,0.972881391270114,0.991627631154911
"Lachnoclostridium_B",394.678751226322,-0.111587693235852,0.275418275018263,-0.405157185841981,0.685361973679555,0.991627631154911
"V9D3004",353.152361623867,0.155986263547085,0.236801838383543,0.658720661173407,0.510075162866376,0.991627631154911
"CAG-632",732.5028012231,-1.40251425093233,0.636814332278627,-2.20239115208652,0.0276376903388054,0.498471057874267
"CAG-303",295.054619191235,0.201774680886825,0.260176496469596,0.775530009915419,0.438026539605608,0.991627631154911
"RUG14243",240.310152853893,0.0539987113846911,0.282790697832536,0.190949390480546,0.848565244018341,0.991627631154911
"UBA9775",248.585580566566,0.0134464077775307,0.300895732951781,0.044687931083707,0.96435605368865,0.991627631154911
"RUG14282",255.264920958309,0.134591340292336,0.201141678844792,0.669137003654978,0.503408087170981,0.991627631154911
"RUG14319",161.70644056896,-0.351519753711942,0.285223992622097,-1.23243402660618,0.217786996816315,0.984234290871907
"RUG760",1885.19064757105,-0.114433013892928,0.210167658329022,-0.544484412124821,0.586108172211886,0.991627631154911
"RUG159",1707.1820205428,-0.749168472678165,0.342467083471871,-2.18756344429726,0.028701417074755,0.498471057874267
"Saccharofermentans",77775.9491125734,-0.612602907099331,0.418573458825748,-1.46354933448935,0.143317124555579,0.94727230976681
"MGYG000294870",2614.74211003849,-0.0456918587158034,0.90560766801601,-0.0504543637709079,0.959760315489941,0.991627631154911
"Firm-16",4195.95328837337,-0.0893342370478223,0.466536478532696,-0.191483927106381,0.848146471866254,0.991627631154911
"MGYG000290111",582.886694203611,-0.558063798311222,0.193407753569185,-2.8854261942068,0.00390884101706029,0.239089281841834
"MGYG000290070",184.816064965895,-0.157248588897337,0.201269399193506,-0.781284137218265,0.434635397711086,0.991627631154911
"RUG099",26013.873497314,-0.122965132752792,0.321900477390232,-0.381997360643006,0.702463322358229,0.991627631154911
"UBA1191",12967.7278611729,-0.275235946683081,0.294674747551054,-0.934033027839942,0.350286856358719,0.991627631154911
"Eubacterium_T",4999.11244945872,-1.30361846891883,0.448300588496915,-2.9079115717641,0.00363851207676265,0.239089281841834
"RUG11894",4659.86735091034,-0.210036189951304,0.359672307381634,-0.583965419746491,0.559243577584749,0.991627631154911
"Eubacterium_A",1909.85045171415,-0.0968626502317944,0.364878162217711,-0.265465736954681,0.790650701183381,0.991627631154911
"RUG13615",1280.31889001338,-0.234223689904972,0.355176903259252,-0.659456422294459,0.509602720726601,0.991627631154911
"Eubacterium_B",839.312150274601,-0.0578820143591815,0.445189287723257,-0.130016637765917,0.896553263389849,0.991627631154911
"RUG754",1337.13458427878,-0.348985070121922,0.283956968309731,-1.22900688861159,0.219069223272513,0.984234290871907
"RUG11214",864.411516277263,0.022970268852535,0.110781006050844,0.207348440598136,0.835737745931942,0.991627631154911
"RUG13409",794.742842387859,-0.0850814424791072,0.161709576545974,-0.526137315404562,0.598792803496047,0.991627631154911
"MGYG000291845",479.875127971722,-0.211939461970403,0.384812100688858,-0.550760907962633,0.581797585398639,0.991627631154911
"UBA3738",423.469822094654,-0.56366648325677,0.297419046716906,-1.895192959156,0.0580668426104887,0.57433386145647
"RUG14258",341.693438523228,-0.19338902435395,0.256544845040387,-0.753821517339418,0.450956401714932,0.991627631154911
"RUG100",233.525612439484,-0.147084062043193,0.308790295219518,-0.47632346067946,0.633843953876217,0.991627631154911
"Mobilibacterium",387.11269643194,0.479980302794669,0.806163407831127,0.595388351954588,NA,NA
"RUG708",197.4148868372,0.0625243831505341,0.206782921140914,0.302367249701082,0.762372117946069,0.991627631154911
"UBA7001",7705.83878604835,-0.0685026662008641,0.357212233045561,-0.191770213513732,0.847922204057827,0.991627631154911
"CAG-269",3913.75182985515,0.299880928869273,0.276469737498572,1.08467903786693,0.278063835203465,0.991627631154911
"CAG-452",1727.58490325897,-0.501486303754212,0.307478087639056,-1.63096599047051,0.102897495901345,0.777447746810165
"CAG-793",690.322632491494,0.201369673718512,0.181386935751268,1.11016635726537,0.266927347042882,0.991627631154911
"UBA1738",2779.88303315551,-0.429452663373309,0.429434974441798,-1.00004119117576,0.317290574156183,0.991627631154911
"12844",449.301919453987,0.208538514148012,0.198265951136206,1.05181203808792,0.292885794869918,0.991627631154911
"UBA1255",1581.59569254559,0.270301950519798,0.41699286162817,0.648217212794459,0.516844470473435,0.991627631154911
"UBA1212",757.963980789515,-0.527055095814116,0.270612141329978,-1.94764023973129,0.051458025324195,0.571289097476778
"MGYG000295055",114.681774589237,0.090698936986139,0.253310528591631,0.358054351275534,0.720302639713837,0.991627631154911
"MGYG000292422",111.565043285733,0.0539014034707364,0.209826618684331,0.256885440983192,0.797267209944244,0.991627631154911
"Clostridium",1970.34841397724,0.039948969014005,0.4694172816128,0.085103319751566,0.932179251104218,0.991627631154911
"RUG12999",2029.21182881801,1.20348336389497,0.622524178383561,1.93323152045261,0.0532076834189728,0.573010440654928
"UMGS1820",1384.77872214543,0.0809745248457143,0.165337179449078,0.489753878199269,0.624308071210874,0.991627631154911
"MGYG000293493",326.960766523651,0.203722143412756,0.280438888918474,0.726440417013561,0.467568821625324,0.991627631154911
"RUG14186",355.467690695821,-0.1570696992293,0.191344375561587,-0.820874398676774,0.411717815066534,0.991627631154911
"RUG12931",256.462498101052,1.39811213190264,0.672752233392126,2.07819768186146,NA,NA
"UMGS1540",303.735755457807,0.177450432727041,0.257892477105483,0.688079135609917,0.491402948618717,0.991627631154911
"MGYG000294087",160.694051935467,-0.0344117349038861,0.286303811097693,-0.120193073127288,0.904330204841246,0.991627631154911
"UBA2862",186128.895790397,-0.513022418455378,0.30268849001463,-1.69488578317128,0.0900970899754803,0.752030584590601
"GCA-900199385",74182.5946563382,-0.0527550735526859,0.365196805074284,-0.144456558271245,0.88513995805571,0.991627631154911
"RUG563",31507.5204761273,-0.32603066973093,0.246100992732645,-1.32478404946996,0.185242786656202,0.984234290871907
"UBA2943",13873.5332667211,-0.377121714919351,0.202036628868788,-1.86660071013297,0.0619573683611677,0.590029005609439
"SFMI01",9672.28720718276,-0.527173539362178,0.256009448619585,-2.05919563596079,0.0394755010722812,0.538446220315069
"UBA4246",6776.37976099805,-0.494278649225187,0.24527262122305,-2.01522145749685,0.0438814502020291,0.555151369997763
"SFFH01",5757.04291548912,-0.896722364074318,0.414231517215906,-2.16478545645508,0.0304041190872727,0.498471057874267
"RUG740",5012.32133950052,-0.277143424965804,0.241462745604313,-1.14776887951055,0.251063987676027,0.991627631154911
"RUG756",3446.91494967355,-0.25927268653056,0.268362938978464,-0.966127020062806,0.333980625484169,0.991627631154911
"RUG11272",1697.33613705052,-0.246214603638416,0.214948348784505,-1.14545938608375,0.252018910205523,0.991627631154911
"UBA1224",1541.3514466547,-0.292825802473653,0.241330101981561,-1.21338283152106,0.22498348720601,0.984234290871907
"MGYG000293631",601.80501773207,-0.421861201324648,0.285530266262389,-1.47746579319538,0.139550821122501,0.93723020605729
"RUG14130",595.82713415722,0.177487997678982,0.24480217809636,0.725026219370967,0.46843594545805,0.991627631154911
"RUG11247",404.155087422574,-0.0421821637912646,0.20142408228131,-0.209419664786422,0.834120642817666,0.991627631154911
"RUG472",20069.2894071541,-0.227893342342736,0.330193880580706,-0.690180393234253,0.490080751721997,0.991627631154911
"UBA3792",8968.82239955137,-0.374473906749048,0.538056773933283,-0.695974709158631,0.486444668376282,0.991627631154911
"UBA3857",633.535512598094,-0.400985291525754,0.372056328067074,-1.07775425728941,0.281143438015664,0.991627631154911
"PeH17",500.805695726994,-0.482158495768537,0.401755289914106,-1.20012980008706,0.230088933635658,0.991627631154911
"RUG14239",228.50724023041,-0.318906640403839,0.360709071744167,-0.884110396397303,0.376636621550338,0.991627631154911
"MGYG000293731",111.933663488879,-0.144035203682256,0.161626960248543,-0.891158278673094,0.372844263376487,0.991627631154911
"MGYG000293813",118.382684695181,-0.395102232523574,0.806535440701762,-0.489875847464059,0.624221754912968,0.991627631154911
"QANA01",2185.31409327795,0.0154573550224435,0.449536192115206,0.0343851180251181,0.972570050550535,0.991627631154911
"UBA1259",2133.54005512285,0.388205982665694,0.29765962459535,1.30419428968049,0.192167346366909,0.984234290871907
"UBA4636",920.053014331809,0.261380360654159,0.183868707112299,1.42155978991313,0.155154084834582,0.962003150487809
"UBA10281",960.381211176274,0.748552774473914,0.247715467309792,3.02182492923535,0.00251255817850281,0.239089281841834
"MGYG000293074",104.563134146581,0.0764720438180825,1.05626515144763,0.0723985295863221,0.942284754945895,0.991627631154911
"MGYG000291940",60.7378617980993,0.208575455005869,1.36314662025608,0.153010286572611,0.878390163303963,0.991627631154911
"MGYG000291459",87.1553269873526,0.323541385013523,1.03809624548619,0.311668004214766,0.755292846505691,0.991627631154911
"MGYG000291311",73.0519726770668,0.0141571749226691,0.666219704657972,0.0212500093042688,0.983046221618351,0.991627631154911
"MGYG000291938",62.0926118097624,-0.19793457744343,1.02425891477815,-0.193246624059212,0.84676582612412,0.991627631154911
"UBA11475",77.8115144178006,0.0174807086517539,1.04251863900357,0.0167677660597625,0.986621885238649,0.991627631154911
"RUG666",469.276734849676,0.113721895017078,0.271532370133929,0.418815240926844,0.675351165395639,0.991627631154911
"MGYG000294353",479.52959777859,0.160395994080296,0.167655012439638,0.956702646382518,0.33871736202269,0.991627631154911
"UBA11517",479.206619579779,0.486844734547878,0.369531724821735,1.31746397358098,0.187683149366071,0.984234290871907
"UBA7584",359.223336324075,0.0272641097773236,0.44110849489567,0.0618081721227609,0.950715595519977,0.991627631154911
"UBA7867",359.751760616881,0.0385111586302302,0.184230057680255,0.209038411620482,0.834418252809868,0.991627631154911
"UBA9845",481.884077493777,-0.119877307437486,0.498101272508508,-0.240668542832197,0.809812021600237,0.991627631154911
"HGM11372",113.194162155122,-0.174057892569315,0.684948818532412,-0.254118100301648,0.799404320241201,0.991627631154911
"CAG-1252",1253.41084707334,0.542931012354521,0.48166471147348,1.12719698873853,0.259659203376743,0.991627631154911
"RUG14300",566.201358860284,-0.164841667216538,0.499685717191164,-0.329890692379897,0.741482556593823,0.991627631154911
"MGYG000292141",417.719932174927,0.741672254962598,0.928656903802831,0.798650450909766,NA,NA
"RUG350",614.869736739649,-0.0361226726897984,0.173115298124724,-0.208662510367935,0.834711708268055,0.991627631154911
"CAG-475",701.341778881335,1.08302603192719,0.601656493920292,1.80007370130815,0.0718490015378635,0.620410425977742
"UBA3700",269.931238111669,0.201310461656351,0.45281587936653,0.444574651264386,0.656627169592243,0.991627631154911
"CAG-1782",286.360924832269,0.710821754509111,0.525890669996844,1.35165310027914,0.176486314915731,0.984231014666599
"RUG12826",48.6974861817628,0.385115147940746,1.35386039297309,0.284457060668589,0.776060136014925,0.991627631154911
"UBA2810",2482228.15894972,0.916559015772825,1.64237417421886,0.558069549655915,NA,NA
"Succinivibrio",276866.106725679,-0.742813422136858,0.909271174571798,-0.816932773093428,0.413966847547908,0.991627631154911
"UBA2804",92906.8906968107,2.26183019402006,0.531371639052168,4.25658809727707,2.0757026699507e-05,0.0112918225245318
"Succinimonas",12163.5901131852,1.78613032737099,0.733485232825163,2.43512786275378,0.0148865282970952,0.385631971124753
"Ruminobacter",51361.407197968,1.58161399249495,0.619429177098816,2.55334112594221,0.010669494204216,0.319322730056169
"Ottowia",284.712623820822,0.265691916659107,0.499156771470158,0.532281503217054,0.594531041114623,0.991627631154911
"Duodenibacillus",115.642694784053,0.340562553108738,0.242502048943033,1.4043697964331,0.160208760062138,0.968372949708921
"Mesosutterella",381.097244020908,0.570235246286109,0.936203680965282,0.609093147014934,NA,NA
"Rs-D84",37140.2765847518,-1.19221928754491,0.845640542697934,-1.40984168490935,0.158586434930797,0.968372949708921
"CACZYB01",1983.80011203054,0.898944366035144,0.88332102506155,1.0176870475516,NA,NA
"RUG410",20061.490290711,1.42615785287228,0.591742982326375,2.41009677422027,0.0159482895878821,0.39215045080087
"UBA1254",3174.57388651577,-0.740947420441683,0.640099357223911,-1.15755063972435,0.247047462496692,0.991627631154911
"CAG-495",1719.78651405902,0.154875007757269,0.475247066798454,0.32588314284736,NA,NA
"CAG-267",1397.61393278801,2.19649043363932,1.03302910034633,2.12626191547065,NA,NA
"51-20",769.853927926489,1.19414965533491,0.470203848701298,2.53964245216867,0.011096584568449,0.319322730056169
"MGYG000291411",468.549646096635,0.540077176363248,0.62038361432636,0.870553579900217,0.383997951811866,0.991627631154911
"UBA3637",759.434736829281,0.555491405654542,0.641631662808621,0.865748119759215,0.386628305349518,0.991627631154911
"CAAHEQ01",189.05505569122,0.165542237705519,0.786967185996694,0.210354689053343,0.833390854306168,0.991627631154911
"MGYG000292009",149.740420387506,0.708386634924964,1.36643969063743,0.518417782927916,0.604166810022702,0.991627631154911
"UBA7488",91.4343058009366,1.01394841860761,1.74452395823863,0.581217823819025,0.561093656438482,0.991627631154911
"UBA11549",153.513283151062,-0.177956803948485,0.851727679998058,-0.208936269335394,0.834497990118196,0.991627631154911
"RUG14087",1426.31223089866,0.731104273214489,0.681555262846281,1.07269991601456,0.283405778074734,0.991627631154911
"RUG11420",1051.32880733883,0.675339273168944,0.541770916595048,1.24654028572326,0.212566108845539,0.984234290871907
"RUG11792",382.800745980393,-0.0259004407249119,0.89288134611378,-0.0290077072811995,0.97685844366072,0.991627631154911
"UBA3830",2479.40907914999,0.449286519662884,0.622682633470669,0.72153372442504,0.47058119913811,0.991627631154911
"CADBNZ01",105.705801277577,-0.0226568825639471,1.77414050990754,-0.0127706246700425,0.989810792702409,0.991627631154911
"MGYG000295547",1274.87052043144,0.723871395340375,0.63197494009255,1.14541154944272,NA,NA
"UBA1067",148774.312750113,0.605590176467634,0.314595992599863,1.92497740185104,0.0542321854406812,0.573010440654928
"RUG572",108685.68568093,-0.235754552091911,0.32424161837229,-0.727095285532472,0.46716758659542,0.991627631154911
"UBA1731",12456.8280058006,0.229623312245941,0.396896878218739,0.578546531473069,0.562895191584,0.991627631154911
"MGYG000295411",11485.3253908937,0.523326703662766,0.550780089013736,0.950155450608011,0.342033271179741,0.991627631154911
"CADCBS01",1175.21476505878,0.604269819403369,0.475816200395079,1.26996478661641,0.204097173707721,0.984234290871907
"MGYG000294425",854.18242465406,0.20152420990184,0.238079814761499,0.846456513349192,0.397298123452324,0.991627631154911
"MGYG000291883",295.55829893026,0.562913441554966,0.339073029873218,1.66015398442466,0.0968834790242273,0.752030584590601
"UBA3636",29648.62203133,-0.183889483909276,0.331789955260553,-0.55423463246459,0.579418279592973,0.991627631154911
"MGYG000290137",2794.93392830657,1.74614783460599,0.732822565924907,2.3827702854676,0.0171829128736345,0.39215045080087
"MGYG000294429",1481.49467506231,0.211109637347024,0.35255685061794,0.598796015385897,0.549308919787054,0.991627631154911
"MGYG000290038",2835.42629869961,1.29372819389708,0.597821730293832,2.16407020410785,0.0304589618495551,0.498471057874267
"MGYG000294438",563.339943441205,0.100305169570989,0.229683952457714,0.436709524099016,0.662322021259857,0.991627631154911
"MGYG000295533",1680.0973872066,-0.302149571035623,0.269717587980571,-1.12024422766745,0.262609701557796,0.991627631154911
"CACXEY01",3004.10593789766,-1.29350327773571,0.613917417121285,-2.10696624930607,0.0351205052335753,0.516366347217972
"MGYG000293928",191.752099295123,-0.205563481111389,0.243595212650022,-0.843873239030874,0.398740243727342,0.991627631154911
"UBA1407",50336.4661345341,-0.592794744672826,0.469043964649897,-1.26383620587741,0.206288822988387,0.984234290871907
"CACZQQ01",1609.12700338378,0.345244869228179,0.677993340142835,0.509215723498767,0.610601023016309,0.991627631154911
"UBA1732",20723.4990745317,0.130150413230249,0.669489497245358,0.194402471981649,0.845860754483326,0.991627631154911
"UBA11452",1675.41927477973,0.678148294372547,0.719801547603277,0.94213230942692,0.346124904597808,0.991627631154911
"UBA1829",278.890727807971,0.0707700149368344,0.544204789986025,0.13004298425718,0.896532418894974,0.991627631154911
"UBA1784",1365.69550812094,0.713434451624525,0.58527336095441,1.21897646334206,0.222853125925978,0.984234290871907
"UBA3789",24825.9948090606,0.0821237489501476,0.324072385832783,0.253411745462701,0.799950052248339,0.991627631154911
"RUG705",7739.299198477,-0.0146234485610221,0.436556430846802,-0.0334972698321189,0.973278042970076,0.991627631154911
"CAG-1000",7319.67832059802,0.0816564124651648,0.381982617316916,0.213769969530885,0.830726444456933,0.991627631154911
"CAG-533",6822.41506706721,-0.372978313892821,0.333364554351364,-1.11883014862973,0.263212607168765,0.991627631154911
"RUG12783",5719.42038341006,0.138195795859911,0.441759528904499,0.312830367694878,0.754409542424981,0.991627631154911
"RUG12438",4665.97694220384,0.133947448332658,0.400613813899036,0.33435554063649,0.73811128414361,0.991627631154911
"RUG13038",3943.67998848278,-0.120666696621392,0.271048837908362,-0.445184334869525,0.656186546477146,0.991627631154911
"RUG13868",4455.18576912631,0.194344117739003,0.316750047201846,0.613556712795561,0.539508295555454,0.991627631154911
"CAG-822",2778.65060384338,-0.0616895073491341,0.322640506941177,-0.191201991138643,0.848367343692285,0.991627631154911
"RUG343",3623.88064539848,0.149450476954753,0.253768663481452,0.588924081107738,0.555912202790217,0.991627631154911
"CAG-433",2450.73911731477,-0.192588601093944,0.261997615450045,-0.735077686730567,0.462292182684409,0.991627631154911
"RUG11890",2794.60273454324,0.14857640345378,0.281115213472964,0.528524947541018,0.597135036436963,0.991627631154911
"RUG591",2606.49191491692,0.194997875725097,0.416669581334441,0.467991628043953,0.639790576681143,0.991627631154911
"UBA2730",2295.2809151618,-0.00203358539868923,0.193796599983693,-0.0104934008071367,0.991627631154911,0.991627631154911
"RUG12834",2728.93818238954,0.430010064914125,0.406207481302601,1.05859710789963,0.289783304599916,0.991627631154911
"UMGS995",1562.56396691062,-0.323641279682907,0.520786973628083,-0.621446572344634,0.534305837395763,0.991627631154911
"CAG-460",1851.83479922168,0.0513566773189892,0.324979572759755,0.158030478293955,0.874432782265871,0.991627631154911
"RUG14670",2207.44750426988,0.244711911602295,0.355878841414138,0.687627032362742,0.491687680590247,0.991627631154911
"CAG-417",2590.09471137662,0.203007702112666,0.235833452563351,0.860809609095357,0.389342911803235,0.991627631154911
"RUG11224",1466.82171846492,0.059896982565419,0.433190322594719,0.138269438261337,0.890027478210479,0.991627631154911
"UBA5026",2280.69613894462,0.124170563030142,0.263757757557006,0.470775017880963,0.637801406426249,0.991627631154911
"UBA5578",1096.16439782858,-0.0579800407246136,0.392149988283503,-0.147851695669814,0.882459810385147,0.991627631154911
"RUG727",1274.92064922017,-0.147892487894166,0.500385061800851,-0.295557360089671,0.767568141168888,0.991627631154911
"CAG-1193",1191.86083508699,-0.821876825727405,0.611750739774969,-1.34348317425775,0.179115570683811,0.984231014666599
"CAG-302",1365.10327709288,-0.0745995582908969,0.400434723472313,-0.186296427153014,0.852212309139889,0.991627631154911
"UBA11963",1542.66163444365,0.0976106118588003,0.411947907406548,0.23694892024896,0.812696417560861,0.991627631154911
"UBA6985",1016.83138034701,-0.0559184411087948,0.275510516001402,-0.202963000905962,0.839163951284444,0.991627631154911
"RUG11241",1079.16504023112,0.0606799875183261,0.345161772524211,0.175801587396443,0.860449822499615,0.991627631154911
"UMGS1449",1145.42830894229,0.261474439726033,0.407649435319624,0.64141985017352,0.521249939547558,0.991627631154911
"RUG11198",860.752213904714,-0.0555053844014766,0.323691173375445,-0.171476360701058,0.863849216562184,0.991627631154911
"RUG11788",754.478317972152,0.100432520857163,0.388685833137969,0.25838997023983,0.79610595644021,0.991627631154911
"RUG11215",1286.34794728663,0.834694441861351,0.404066573082267,2.06573494930353,0.0388535133529964,0.538446220315069
"RUG13160",1191.89664025779,0.00689709126644668,0.483006396552018,0.0142795029541682,0.98860699223861,0.991627631154911
"MGYG000292308",680.766055449664,0.13777709557956,0.401568808823616,0.343097104536515,0.731525409318935,0.991627631154911
"RUG14267",575.900763495002,-0.126314345231383,0.43719913864562,-0.288917186851481,0.772644751129949,0.991627631154911
"RUG14121",601.887400841463,0.0386718736333886,0.306821697034485,0.126040218169584,0.899700088917333,0.991627631154911
"RUG14903",820.115575018203,0.0143426307506004,0.368243530046049,0.0389487650979418,0.968931237116062,0.991627631154911
"CAG-594",495.529323210124,0.0712460739670867,0.279763171942828,0.254665664076923,0.79898133809938,0.991627631154911
"HGM10766",560.801568600375,0.0471263843219153,0.274000438231116,0.17199382828054,0.863442381016137,0.991627631154911
"RUG12867",556.301219724473,0.248573240801604,0.358662619335287,0.693055889856287,0.48827447794197,0.991627631154911
"CAG-628",451.51560502668,-0.0907387349507214,0.366631343111214,-0.247493119875451,0.804526615462095,0.991627631154911
"UMGS1217",490.850510791627,0.171580570207636,0.260744356897912,0.658041356096591,0.510511557165287,0.991627631154911
"MGYG000294833",571.820047462587,-0.665961686072814,0.533864463112208,-1.24743587949371,NA,NA
"RUG11867",526.411726980784,-1.22732921149769,0.540312267784168,-2.27151831390205,0.0231156195956633,0.483649886924648
"UBA733",11440.9871400121,0.395569797810833,0.45491089689959,0.869554456722863,0.384543935833855,0.991627631154911
"RUG14515",17395.6193790902,0.215233332714009,0.467314218314075,0.460575185344251,0.645103418265367,0.991627631154911
"UBA2450",14593.5487922029,0.193806410406028,0.560304244472333,0.345894953175922,0.729421661601056,0.991627631154911
"UBA3207",12801.1606319203,0.425013691493886,0.526671507160201,0.80698060501801,0.419677657337853,0.991627631154911
"UBA4951",8618.48884434948,0.222779422736557,0.520953894223289,0.427637503446841,0.668915057052957,0.991627631154911
"RUG13091",1333.3395867983,0.489793596085955,0.554394083602411,0.88347551060306,0.376979408385617,0.991627631154911
"RUG131",440.703816984244,0.0811418182948356,0.291683303267391,0.278184652278336,0.780870615767591,0.991627631154911
"MGYG000294821",452.371302175757,-0.0700633688792886,0.486262545264293,-0.144085473087811,0.885432975815252,0.991627631154911
"MGYG000294099",319.826259416732,-0.0767288412391768,0.550719091925441,-0.139324825240605,0.889193473488994,0.991627631154911
"MGYG000290156",329.737964951567,0.151285006374443,0.434700848414506,0.348020959531659,0.727824442844714,0.991627631154911
"JAAYDH01",469.471583134958,-0.145136183839112,0.748354638857077,-0.193940381074902,NA,NA
"UBA7642",1676.5604039958,0.931607927996743,0.291632211895845,3.19446168837296,0.00140091878042623,0.239089281841834
"UBA6879",216.829845450653,0.181391770433735,0.796101367326883,0.227850092812684,0.819762782330964,0.991627631154911
"Bulleidia",12034.651345093,0.00642611963560293,0.455038451483578,0.014122146413455,0.988732531933837,0.991627631154911
"UBA636",3504.51101147977,-0.122531050956421,0.203050842460504,-0.603450098860115,0.546209302627978,0.991627631154911
"RUG521",1877.84262393612,0.377103442492921,0.438984119276192,0.859036639217606,0.390320302083208,0.991627631154911
"RUG11795",474.476164617903,0.332397439210356,0.241119109223958,1.3785611612459,0.168030098313701,0.984231014666599
"Absicoccus",383.570191736558,0.0591773242464742,0.335444341767751,0.176414733766612,0.859968130322048,0.991627631154911
"RUG11872",233.490054192615,-0.0417672953652552,0.227802931960863,-0.183348366088769,0.854524686894996,0.991627631154911
"RUG14871",188.944345121475,-0.120213049499395,0.218781414516251,-0.549466460691825,0.582685375311989,0.991627631154911
"RUG14284",135.783290907244,0.109874887493628,0.304030084944766,0.361394786024511,0.717804345154505,0.991627631154911
"UBA4312",143.896416251548,-0.0285677990737479,0.196222534282712,-0.145588778466128,0.884246027077877,0.991627631154911
"Intestinibaculum",527.015455250967,0.0984340906719546,0.20600422233797,0.477825597722283,0.632774340437535,0.991627631154911
"Sharpea",398.276444967176,0.0990639218182102,0.181495352508021,0.545820708074782,0.585189187223801,0.991627631154911
"Kandleria",343.879257316581,-0.84436714379598,0.525846938535714,-1.60572798264686,NA,NA
"Anaeroplasma",3424.31253007025,0.254249790793856,0.506228034320469,0.502243600821408,0.615496176435824,0.991627631154911
"MGYG000294049",1223.59317745979,-0.600941163820436,0.328378366247123,-1.83002665701855,0.0672459528451934,0.590029005609439
"MGYG000292513",775.783327125691,0.499766367398143,0.613711355238217,0.81433456156951,0.415453315414611,0.991627631154911
"UBA3206",265.225137414602,0.0506694893985848,0.432284011153865,0.11721342471894,0.906690928865126,0.991627631154911
"Malacoplasma_A",2209.76405035681,-0.064226638888095,0.58182851851388,-0.11038757442166,0.912102007079728,0.991627631154911
"RUG11194",967.628549663785,0.907478790834789,0.605108414691596,1.49969620121264,0.133693115046728,0.920620944119238
"RUG293",617.340757478663,-0.0243033175045859,0.428117070808876,-0.0567679243872889,0.954730065348456,0.991627631154911
"UBA1231",679.65015453117,0.126008962323536,0.529568939900447,0.237946285798455,0.811922755411812,0.991627631154911
"Ligilactobacillus",2918.98079971654,1.95569361533447,1.48190731445392,1.31971385542094,NA,NA
"Lentilactobacillus",455.164804021792,-0.083624637150895,0.803482471650162,-0.104077736729153,0.917107658410204,0.991627631154911
"Limosilactobacillus",351.096629276278,-0.508695238371311,1.44566166608626,-0.35187710257855,0.724930431886388,0.991627631154911
"Streptococcus",253.175377100477,0.0752725603880427,0.371600702449717,0.202563019638608,0.839476596776745,0.991627631154911
"Bacillus",744.808393650236,0.30191524029573,0.394473531817746,0.765362479212472,0.444055728966649,0.991627631154911
"UBA1188",552.601948808678,0.0305538668488179,0.271191815453768,0.112665151039658,0.910296030729187,0.991627631154911
"Thermoactinomyces",82.6744564492027,0.0775363936836005,0.243451792905354,0.318487667551268,0.75011504789629,0.991627631154911
"Fibrobacter",476257.141192552,-0.155147123736252,0.578001205780205,-0.268420069343678,0.788375993047454,0.991627631154911
"Fibrobacter_A",6880.00719458571,-1.76686278664875,1.27027881593595,-1.39092517680609,NA,NA
"CADBQJ01",1662.48244154121,-0.949131236059896,0.704313418569735,-1.34759783220845,0.177787768204817,0.984231014666599
"CAG-196",47873.8072702205,-0.14903525906882,0.46600139948045,-0.319817192040585,0.749106914200104,0.991627631154911
"UBA2813",36585.2884078363,-0.567812496173017,0.296346805956231,-1.91604054695592,0.055359934833707,0.573010440654928
"UBA1221",15155.9811540151,-1.15023869795962,0.510196291602367,-2.25450227077715,0.0241645879764526,0.486871698488526
"UBA2883",14343.4051655358,-0.584926056206489,0.427274860145215,-1.36896904256828,0.171008952011374,0.984231014666599
"Zag111",4075.18669484411,-0.305667827492739,0.401113775387549,-0.762047693818063,0.44603153930238,0.991627631154911
"UBA791",7655.13648836246,1.14592669329741,0.827595571614822,1.38464575283003,NA,NA
"Zag1",3587.92414343151,0.0237938324530611,0.476196509990025,0.0499664150280301,0.960149151801094,0.991627631154911
"UBA6984",5157.45622993049,0.186909409045682,0.699049054638241,0.267376670929635,0.789179159682053,0.991627631154911
"MGYG000295402",1062.86355320324,-0.0118926282916485,0.408382769108868,-0.0291212783477604,0.976767865326073,0.991627631154911
"MGYG000292088",1012.3724027728,-0.167082550786875,0.364013841913314,-0.459000542146043,0.646233776757236,0.991627631154911
"MGYG000294172",1249.60262435537,-0.165645098179068,0.544142377669067,-0.304414993165279,0.760811746592418,0.991627631154911
"MGYG000291966",833.146812702052,-0.034878644460802,0.44430460666242,-0.0785016494040146,0.937429018238906,0.991627631154911
"MGYG000295138",731.123508338413,-0.0468296081410644,0.362712449669835,-0.129109458976916,0.897271037474252,0.991627631154911
"MGYG000294592",650.149822432053,-0.185425705541986,0.35441958751103,-0.523181314114632,0.600848083563803,0.991627631154911
"CAG-484",615.622940709318,-0.270961033752348,0.350479572285187,-0.773115054853656,0.43945429211613,0.991627631154911
"RUG841",779.277280524405,0.257648364136148,0.471768579299586,0.546132946197194,0.584974554263862,0.991627631154911
"RUG14219",619.845863483184,0.0117544302030491,0.292467760804746,0.0401905159416748,0.967941238704702,0.991627631154911
"MGYG000291886",626.777801505621,-0.0140641150874378,0.476810208587387,-0.0294962541366399,0.97646880640916,0.991627631154911
"MGYG000293583",634.018410764469,-0.293194014373193,0.363572633163651,-0.806424872581707,0.419997910218977,0.991627631154911
"MGYG000295111",564.21035113423,0.0619694659224506,0.436651950637293,0.141919590264068,0.887143520147786,0.991627631154911
"RUG14156",2536.4643374966,-0.642055687573985,0.514294039365925,-1.24842140571098,0.211876774017192,0.984234290871907
"MGYG000293214",1112.09994321454,-0.137457321939772,0.53163402783932,-0.258556290120159,0.795977612025434,0.991627631154911
"MGYG000292711",451.276546325844,-0.099650788365558,0.480930261788338,-0.207204237876416,0.835850357788187,0.991627631154911
"Treponema_D",112740.460425581,-0.0755139783727267,0.395049472317832,-0.191150687861122,0.848407536541127,0.991627631154911
"UBA9732",4443.41302083192,-1.4180017225733,0.696081045303962,-2.03712158539541,0.0416378593028342,0.552463303920532
"UBA9848",513.49981485416,0.963018878988903,0.557747209106876,1.72662249719006,NA,NA
"CACYEI01",300.557821798704,0.118362735219527,0.434190688695757,0.272605420385846,0.785156544843034,0.991627631154911
"UBA1265",144.859776833582,0.664947694669454,0.78877433377358,0.843013858587758,0.39922069309237,0.991627631154911
"RUG023",164.320248416442,0.0819476541397231,0.205158591771659,0.39943564357729,0.689572234916105,0.991627631154911
"CADAEX01",2784.98318434887,-0.790114034510522,0.414924860105228,-1.90423402037213,0.0568797128591289,0.573010440654928
"Succiniclasticum",60214.4994211299,0.146980831551528,0.529201107908505,0.277740974754232,0.781211204258979,0.991627631154911
"Acidaminococcus",428.984478426674,0.110321387466893,0.232095703926813,0.475327141348899,0.634553816579749,0.991627631154911
"RUG643",15212.7377271041,1.04482788709298,0.569176165931264,1.83568453781524,0.0664043260689558,0.590029005609439
"Selenomonas_A",33771.8991274691,1.4989485804657,0.899406175285452,1.66659805286523,0.0955943563354862,0.752030584590601
"Selenomonas_B",16631.48960469,1.23920989613233,0.748384043434293,1.65584756516944,0.0977526925007195,0.752030584590601
"Anaerovibrio",6378.57439660834,0.873321719435292,0.45791999622826,1.90714912349005,0.0565012795465777,0.573010440654928
"UBA3796",8191.83677334095,1.15842664619346,0.7653439518477,1.51360266635253,NA,NA
"UBA9786",2030.51970949766,0.913322899914643,0.423797149403399,2.15509448612473,0.0311544411171417,0.498471057874267
"Selenomonas_C",1269.42520903093,0.555752936382504,0.535237945468659,1.03832873040397,0.299117037325784,0.991627631154911
"UBA2897",1069.96839753229,0.837564306045872,0.658943940832211,1.27107065433832,0.203703514092904,0.984234290871907
"Mitsuokella",500.171041163722,0.221670847834189,0.702597232118367,0.3155020226394,0.752380515582811,0.991627631154911
"UBA7018",272.663740087353,0.800485073795808,0.314589182734386,2.5445410005457,0.0109421465058512,0.319322730056169
"UBA2913",291.894203456387,0.706299409447609,0.479423622777329,1.47322613215422,NA,NA
"RUG024",211.805927645986,0.647344395456271,0.626992521757952,1.03245951585077,0.30185690348879,0.991627631154911
"RUG11126",138.782495383393,0.685101094534998,0.482477785245538,1.41996401800415,0.155618156696557,0.962003150487809
"RUG114",92.8130142599609,0.287074409785332,0.399005476570668,0.719474860978476,0.47184838609618,0.991627631154911
"Dialister",1223.82968125756,0.361591208534123,0.39586391771798,0.91342300308291,0.361020111975329,0.991627631154911
"Megasphaera",203.949503321878,0.269338547998189,0.405218903942113,0.664674193079269,0.50625890351425,0.991627631154911
"Caecibacter",97.1015171423198,0.357300288634823,0.234529095904386,1.52347958046318,0.127638765546424,0.890198569964804
"UBA1367",14833.5875493523,-0.0695675813974319,0.317709550415533,-0.21896597476042,0.826676552794841,0.991627631154911
"RUG440",6382.13081481634,0.458685328669441,0.494510027466057,0.927555162065798,0.353638365352747,0.991627631154911
"RUG721",2969.99244683895,-0.945862227423442,0.90461490196066,-1.04559655757757,0.295747339308056,0.991627631154911
"Olsenella",3185.95353718292,0.161848694150244,0.807289521196825,0.200484076530932,0.841102010281109,0.991627631154911
"Olegusella",546.391711478576,-0.166351624418622,0.297032076613011,-0.560045993400752,0.575448066390809,0.991627631154911
"UBA7741",533.262074779573,-0.0588066841420462,0.320051669288415,-0.183741219887381,0.854216470590266,0.991627631154911
"Olsenella_B",511.013713417861,0.108372835470492,0.371043195118504,0.292076062561611,0.770228468396776,0.991627631154911
"UBA7748",416.365570743131,0.189532293073492,0.471862507337142,0.401668473604903,0.687928029317664,0.991627631154911
"CADBMC01",248.487322101358,-0.29889588271829,0.391508072071106,-0.7634475609586,0.445196524666124,0.991627631154911
"CACZNT01",292.016052881745,0.0638163011450379,0.316757047222504,0.201467660166091,0.840332914410176,0.991627631154911
"CACXFF01",250.731890799949,-0.260812525190561,0.255001039636147,-1.02279004651395,0.306407125160348,0.991627631154911
"CADAUA01",235.8201867139,-0.17172794192207,0.30608923344557,-0.561038818611724,0.574771074461152,0.991627631154911
"UBA9715",17458.0320843188,0.112379435799197,0.491696331152783,0.228554554262635,0.819215150024777,0.991627631154911
"CACXMZ01",736.181947946936,-0.227025015173459,0.270919850558586,-0.837978519127983,0.402042767893177,0.991627631154911
"RUG013",267.30264863632,0.00792424757244965,0.277052627195114,0.0286019578759273,0.977182050565373,0.991627631154911
"QAMH01",883.574218208332,-1.40426134629273,0.545495035959954,-2.57428803879311,0.0100446611614717,0.319322730056169
"CACZQA01",183.84101207307,-0.0604670657657894,0.286080604985288,-0.211363737045015,0.83260345115084,0.991627631154911
"CADBRF01",203.617799498363,0.101031776324077,0.665632277241511,0.151783168843267,0.879357957632136,0.991627631154911
"RUG844",1126.24705955801,-1.56982066730503,0.904273356556071,-1.73600234478178,0.0825634199661521,0.701789069712293
"CADBOM01",657.656862351141,-0.0772606297800619,0.256006132693905,-0.301792105396315,0.762810549427619,0.991627631154911
"CAIFEU01",185.967536337191,-0.14304653145139,0.29928473760451,-0.477961330725853,0.632677728016775,0.991627631154911
"RUG033",179.037563611551,0.0803816412147146,0.227250754933717,0.353713417753704,0.723553665958847,0.991627631154911
"Bifidobacterium",1022.01371045578,-0.150017238603614,0.670323526169232,-0.223798259716369,0.82291428417148,0.991627631154911
"RUG039",92.1831909588731,-0.595542101604867,0.649050121717266,-0.917559494525898,0.358849532069381,0.991627631154911
"Pseudoscardovia",29.3551833205496,-0.945486446096409,2.01778249530676,-0.468576988994379,0.639372028418735,0.991627631154911
"RUG11864",126.6897868619,-0.290109368904458,0.774111980765195,-0.374764085962977,0.707835926086827,0.991627631154911
"Saccharopolyspora",399.901525501372,-0.175080460584843,0.329963733156474,-0.530605163512977,0.59569241678356,0.991627631154911
"Corynebacterium",868.825221939945,-0.570595546586998,0.656151120062363,-0.869609955908886,0.384513595123252,0.991627631154911
"Thermobifida",188.506373772339,-0.208290577765958,0.410633557687088,-0.507241977346333,0.61198504477958,0.991627631154911
"CADAWZ01",16697.5698863844,-2.01413068934172,0.698941456745558,-2.88168725707014,0.0039555212069421,0.239089281841834
"Bruticola",888.352137401214,-2.64001848078394,0.890077620892278,-2.96605421686414,0.00301647307924244,0.239089281841834
"UBA1436",5288.74254815553,0.0288099807160473,0.493458122575099,0.0583838412988383,0.953442885591145,0.991627631154911
"UBA1174",1529.48091409409,0.186035475317085,0.26859631059359,0.692621111980102,0.488547357718805,0.991627631154911
"CADBRU01",936.000529154359,0.735885450904696,0.671240001859986,1.09630750382215,0.272944226658695,0.991627631154911
"CACZRG01",484.358401023142,-3.37349466419113,1.58184199488948,-2.13263693535132,0.0329545209522129,0.512207411371537
"RUG658",5223.11087649057,1.24841546142998,0.782924627728173,1.59455382704275,0.110812044812195,0.807268874395827
"RUG369",4694.6980649192,-0.26693477922562,0.503563229350368,-0.530091880556857,0.596048228294345,0.991627631154911
"RUG11551",2576.69097152317,1.27277149472232,0.575633179186105,2.21108084235503,0.0270302393366932,0.498471057874267
"RUG695",1154.20814147728,0.291842035798557,0.342552035209556,0.851964098301219,0.394234018675047,0.991627631154911
"Flexilinea",5490.08526625471,-0.289541861758022,0.252542948136804,-1.14650543162732,0.251586081086724,0.991627631154911
"UBA1177",2191.24798463877,-0.246736795061389,0.618934010201094,-0.398647983459857,0.690152600437828,0.991627631154911
"MGYG000294343",889.868003339,-0.0434809414705385,0.567060555787925,-0.0766777745810976,0.938879885791127,0.991627631154911
"RUG334",2547.19071405593,0.920707484658065,0.714640431399626,1.28835067847317,0.197623919312073,0.984234290871907
"UBA2866",1110.1718285937,-0.181358737631203,0.328948437488,-0.551328770600467,0.58140831937113,0.991627631154911
"Desulfovibrio",786.440896698604,-0.567542955022833,0.291106443016457,-1.94960629913213,0.0512230620342178,0.571289097476778
"RUG730",370.777460699914,0.184635623711442,0.888606383847864,0.207781113288798,0.835399880190121,0.991627631154911
"UBA7702",474.967809276389,0.256952430131694,0.412606986831885,0.622753463543235,0.533446543627153,0.991627631154911
"CACXFL01",446.95443201159,-0.508741802610782,1.15799585365579,-0.439329554596146,0.660422762249388,0.991627631154911
"Campylobacter",43.3559762242053,0.405061961550165,1.68068312364992,0.241010310539977,0.809547125382706,0.991627631154911
"Methanobrevibacter_A",97615.070946213,-0.340863780940223,0.213957861480136,-1.59313510885819,0.111129884693648,0.807268874395827
"Methanobrevibacter",30801.7626706605,0.0184391925195093,0.245691619594791,0.0750501484337165,0.940174811685756,0.991627631154911
"Methanobrevibacter_B",2248.47352618315,0.156278311704094,0.477006428536172,0.32762307246818,0.743196674652393,0.991627631154911
"Methanosphaera",1385.82596021221,0.0356911850474257,0.242211307669575,0.147355568948563,0.882851373455491,0.991627631154911
"CADBMS01",508.566543859748,0.196134660439893,0.390265463222034,0.502567300781893,0.615268523999347,0.991627631154911
"Methanomethylophilus",2267.58820540815,0.271602575086553,0.433760653653518,0.626157704252043,0.531211506395521,0.991627631154911
"ISO4-G1",1038.6844754792,0.716662177286668,0.364871976458241,1.96414694338327,0.0495130536097524,0.571289097476778
"UBA7597",54.7394493235324,-0.0931633005702989,1.0574821969495,-0.08809916690706,0.929797858518332,0.991627631154911
"UMGS1490",34.6126345076569,0.263671981179153,2.64132335516856,0.0998257107230728,0.92048269579601,0.991627631154911
